{
  "project_info": {
    "project_number": "1054029923231",
    "firebase_url": "https://imagestorage-88be6.firebaseio.com",
    "project_id": "imagestorage-88be6",
    "storage_bucket": "imagestorage-88be6.appspot.com"
  },
  "client": [
    {
      "client_info": {
        "mobilesdk_app_id": "1:1054029923231:android:e2dda96f8d37ec40",
        "android_client_info": {
          "package_name": "com.example.ubitian.imagestorage"
        }
      },
      "oauth_client": [
        {
          "client_id": "1054029923231-4aqspapcpit1uvsp2orlnfh26k74fnd9.apps.googleusercontent.com",
          "client_type": 3
        }
      ],
      "api_key": [
        {
          "current_key": "AIzaSyCH95I7S3HvYeY1vyF4PFaIT-SQVz4APPc"
        }
      ],
      "services": {
        "analytics_service": {
          "status": 1
        },
        "appinvite_service": {
          "status": 1,
          "other_platform_oauth_client": []
        },
        "ads_service": {
          "status": 2
        }
      }
    }
  ],
  "configuration_version": "1"
}