{
  "project_info": {
    "project_number": "177197591533",
    "firebase_url": "https://bloodbankmodify-6d82e.firebaseio.com",
    "project_id": "bloodbankmodify-6d82e",
    "storage_bucket": "bloodbankmodify-6d82e.appspot.com"
  },
  "client": [
    {
      "client_info": {
        "mobilesdk_app_id": "1:177197591533:android:b72c8800cf17321f",
        "android_client_info": {
          "package_name": "com.example.ubitian.bloodbank_modify"
        }
      },
      "oauth_client": [
        {
          "client_id": "177197591533-0d9b7h3kf0ef5usu1usc02nbd633dvgu.apps.googleusercontent.com",
          "client_type": 3
        }
      ],
      "api_key": [
        {
          "current_key": "AIzaSyC6lghp-C8sISQzmEuxn5LwhK1IefJpb_s"
        }
      ],
      "services": {
        "analytics_service": {
          "status": 1
        },
        "appinvite_service": {
          "status": 1,
          "other_platform_oauth_client": []
        },
        "ads_service": {
          "status": 2
        }
      }
    }
  ],
  "configuration_version": "1"
}